{
    "count": 5138561,
    "min": 8e-06,
    "max": 2653426.362053,
    "mean": 2456.4384345219505,
    "median": 88.928438,
    "stddev": 40472.45904429137
}