{
    "count": 1956832,
    "min": 3e-06,
    "max": 2652313.654936,
    "mean": 6449.790678502667,
    "median": 90.66626099999999,
    "stddev": 52188.90497887253
}