{
    "count": 124570104,
    "min": -2532565.364599,
    "max": 2678983.647339,
    "mean": 3879.815130380915,
    "median": 115.438377,
    "stddev": 48701.56347199661
}