{
    "count": 1255910,
    "min": 8e-06,
    "max": 2678420.012847,
    "mean": 7513.239355225726,
    "median": 390.714923,
    "stddev": 76843.42515111015
}