{
    "count": 2689843,
    "min": 8e-06,
    "max": 2634570.961394,
    "mean": 6639.901038580462,
    "median": 168.109512,
    "stddev": 67283.21268801899
}