{
    "count": 3229721,
    "min": 9e-06,
    "max": 2663451.414318,
    "mean": 3282.1698420494736,
    "median": 14.338025,
    "stddev": 46265.33530062149
}