{
    "count": 7065707,
    "min": 8e-06,
    "max": 2656858.485073,
    "mean": 2633.69790617196,
    "median": 169.076697,
    "stddev": 36525.982474238444
}