{
    "count": 23542653,
    "min": 3e-06,
    "max": 2678983.647339,
    "mean": 4206.408644896977,
    "median": 103.552042,
    "stddev": 52007.40491658855
}