{
    "count": 951150,
    "min": 9e-06,
    "max": 2664620.948045,
    "mean": 7521.55750327905,
    "median": 314.6856725,
    "stddev": 75579.11070229772
}