{
    "count": 1254929,
    "min": 8e-06,
    "max": 2678983.647339,
    "mean": 8069.38064889409,
    "median": 174.95303,
    "stddev": 82105.77142839067
}